ticket_id,customer_name,ticket_description,date,priority,status,category
T001,Rahul Sharma,I cannot login to the application,2026-01-01,Medium,In Progress,Login Issue
T002,Priya Das,Application gives error while saving data,2026-01-02,High,Closed,Application Error
T003,Amit Roy,Please help me generate my monthly sales report,2026-01-03,Low,Open,Report
T004,Soumya Sen,I need to change my registered mobile number,2026-01-04,Medium,In Progress,Account Update
T005,Arjun Das,The application is very slow today,2026-01-05,High,In Progress,Performance
T006,Ananya Roy,Payment failed while completing checkout,2026-01-06,High,Pending,Payment Issue
T007,Sayan Ghosh,I cannot access the admin dashboard,2026-01-07,High,In Progress,Access Issue
T008,Riya Mukherjee,Customer data is missing from the system,2026-01-08,Medium,In Progress,Data Issue
T009,Abhishek Dutta,Password reset is not working,2026-01-09,Medium,Closed,Login Issue
T010,Neha Singh,The application crashes when I open a record,2026-01-10,High,Closed,Application Error
T011,Rohit Kumar,I need the customer activity report,2026-01-11,Medium,Pending,Report
T012,Sneha Paul,I need to update my email address,2026-01-12,Low,Open,Account Update
T013,Aditya Bose,Dashboard takes too long to load,2026-01-13,Critical,Pending,Performance
T014,Puja Banerjee,My card payment was declined,2026-01-14,Critical,Closed,Payment Issue
T015,Kunal Sen,User does not have permission to view this page,2026-01-15,High,Open,Access Issue
T016,Moumita Das,Some records are showing incorrect values,2026-01-16,Medium,In Progress,Data Issue
T017,Sourav Roy,I forgot my password and cannot login,2026-01-17,Medium,In Progress,Login Issue
T018,Tania Ghosh,I receive an unexpected error message,2026-01-18,Critical,In Progress,Application Error
T019,Debjit Saha,Monthly transaction report is not available,2026-01-19,Medium,Open,Report
T020,Ishita Roy,Please change my phone number,2026-01-20,Medium,In Progress,Account Update
T021,Rahul Sharma,Search results are loading slowly,2026-01-21,High,In Progress,Performance
T022,Priya Das,Payment was deducted but order is still pending,2026-01-22,High,In Progress,Payment Issue
T023,Amit Roy,Access denied when opening the application,2026-01-23,Medium,In Progress,Access Issue
T024,Soumya Sen,Duplicate records were created,2026-01-24,High,In Progress,Data Issue
T025,Arjun Das,Unable to sign in with my credentials,2026-01-25,High,Closed,Login Issue
T026,Ananya Roy,Page shows a server error while submitting data,2026-01-26,Medium,In Progress,Application Error
T027,Sayan Ghosh,I need the quarterly performance report,2026-01-27,High,In Progress,Report
T028,Riya Mukherjee,Unable to update my profile information,2026-01-28,Medium,Open,Account Update
T029,Abhishek Dutta,The application performance has become poor,2026-01-29,Medium,Open,Performance
T030,Neha Singh,Unable to complete online payment,2026-01-30,Low,Pending,Payment Issue
T031,Rohit Kumar,I need access to the reporting module,2026-01-31,Critical,Open,Access Issue
T032,Sneha Paul,Data entered yesterday is no longer visible,2026-02-01,High,In Progress,Data Issue
T033,Aditya Bose,My account is locked and I cannot access it,2026-02-02,High,Open,Login Issue
T034,Puja Banerjee,Application stops responding after clicking submit,2026-02-03,Critical,In Progress,Application Error
T035,Kunal Sen,The sales report is missing some records,2026-02-04,Medium,In Progress,Report
T036,Moumita Das,I need to change my billing address,2026-02-05,High,Closed,Account Update
T037,Sourav Roy,Pages take several seconds to open,2026-02-06,High,In Progress,Performance
T038,Tania Ghosh,Transaction failed with an error,2026-02-07,High,Open,Payment Issue
T039,Debjit Saha,My account cannot access the requested feature,2026-02-08,High,In Progress,Access Issue
T040,Ishita Roy,Customer information is displaying incorrectly,2026-02-09,High,Closed,Data Issue
T041,Rahul Sharma,Login page keeps rejecting my password,2026-02-10,High,Open,Login Issue
T042,Priya Das,An error appears when uploading a document,2026-02-11,Medium,Open,Application Error
T043,Amit Roy,Unable to download the financial report,2026-02-12,Medium,In Progress,Report
T044,Soumya Sen,My account details are outdated,2026-02-13,Medium,In Progress,Account Update
T045,Arjun Das,System is responding very slowly,2026-02-14,High,Closed,Performance
T046,Ananya Roy,Payment gateway is not responding,2026-02-15,Medium,In Progress,Payment Issue
T047,Sayan Ghosh,Permission error appears on the dashboard,2026-02-16,High,Closed,Access Issue
T048,Riya Mukherjee,Some transactions are missing from the report,2026-02-17,High,In Progress,Data Issue
T049,Abhishek Dutta,Two factor authentication code is not working,2026-02-18,Critical,Pending,Login Issue
T050,Neha Singh,The dashboard displays an application error,2026-02-19,High,Closed,Application Error
T051,Rohit Kumar,Please generate the yearly sales report,2026-02-20,Low,Pending,Report
T052,Sneha Paul,Please update the company name on my account,2026-02-21,High,In Progress,Account Update
T053,Aditya Bose,Report generation is extremely slow,2026-02-22,High,Closed,Performance
T054,Puja Banerjee,I was charged twice for the same order,2026-02-23,Critical,Pending,Payment Issue
T055,Kunal Sen,Unable to access shared documents,2026-02-24,High,Open,Access Issue
T056,Moumita Das,Database contains duplicate entries,2026-02-25,Medium,In Progress,Data Issue
T057,Sourav Roy,I cannot access my account after changing my password,2026-02-26,Medium,Pending,Login Issue
T058,Tania Ghosh,System throws an exception while processing the request,2026-02-27,High,In Progress,Application Error
T059,Debjit Saha,Report export is failing,2026-02-28,Low,Open,Report
T060,Ishita Roy,I cannot change my registered email,2026-03-01,Medium,Closed,Account Update
T061,Rahul Sharma,The website freezes while processing requests,2026-03-02,Medium,Pending,Performance
T062,Priya Das,Refund has not been received,2026-03-03,Medium,In Progress,Payment Issue
T063,Amit Roy,Access to the application was suddenly removed,2026-03-04,High,Closed,Access Issue
T064,Soumya Sen,Incorrect data is displayed on the dashboard,2026-03-05,High,In Progress,Data Issue
T065,Arjun Das,The sign in page keeps refreshing,2026-03-06,Medium,Open,Login Issue
T066,Ananya Roy,The form cannot be submitted because of an error,2026-03-07,High,Pending,Application Error
T067,Sayan Ghosh,The dashboard report has incorrect totals,2026-03-08,High,In Progress,Report
T068,Riya Mukherjee,Need to update my contact information,2026-03-09,Medium,Open,Account Update
T069,Abhishek Dutta,Database searches are taking too long,2026-03-10,Medium,In Progress,Performance
T070,Neha Singh,Payment status is showing incorrectly,2026-03-11,Critical,Pending,Payment Issue
T071,Rohit Kumar,I need administrator access for my role,2026-03-12,High,Open,Access Issue
T072,Sneha Paul,Records are not synchronized correctly,2026-03-13,High,Closed,Data Issue
T073,Aditya Bose,Forgot password link is not working,2026-03-14,High,Closed,Login Issue
T074,Puja Banerjee,Application crashes when generating a document,2026-03-15,High,In Progress,Application Error
T075,Kunal Sen,I need a report for last month's transactions,2026-03-16,High,In Progress,Report
T076,Moumita Das,Profile changes are not being saved,2026-03-17,Low,Open,Account Update
T077,Sourav Roy,Application is slow during peak hours,2026-03-18,Medium,Closed,Performance
T078,Tania Ghosh,Credit card payment is failing,2026-03-19,Medium,Open,Payment Issue
T079,Debjit Saha,The system says I do not have permission,2026-03-20,High,Pending,Access Issue
T080,Ishita Roy,Imported data is incomplete,2026-03-21,Low,In Progress,Data Issue
T081,Rahul Sharma,I cannot login to the application,2026-03-22,High,Open,Login Issue
T082,Priya Das,Application gives error while saving data,2026-03-23,High,Open,Application Error
T083,Amit Roy,Please help me generate my monthly sales report,2026-03-24,High,In Progress,Report
T084,Soumya Sen,I need to change my registered mobile number,2026-03-25,High,Open,Account Update
T085,Arjun Das,The application is very slow today,2026-03-26,High,In Progress,Performance
T086,Ananya Roy,Payment failed while completing checkout,2026-03-27,High,In Progress,Payment Issue
T087,Sayan Ghosh,I cannot access the admin dashboard,2026-03-28,High,Open,Access Issue
T088,Riya Mukherjee,Customer data is missing from the system,2026-03-29,High,Open,Data Issue
T089,Abhishek Dutta,Password reset is not working,2026-03-30,Critical,Open,Login Issue
T090,Neha Singh,The application crashes when I open a record,2026-03-31,High,Closed,Application Error
T091,Rohit Kumar,I need the customer activity report,2026-04-01,Medium,Pending,Report
T092,Sneha Paul,I need to update my email address,2026-04-02,Low,Pending,Account Update
T093,Aditya Bose,Dashboard takes too long to load,2026-04-03,Critical,Open,Performance
T094,Puja Banerjee,My card payment was declined,2026-04-04,High,Pending,Payment Issue
T095,Kunal Sen,User does not have permission to view this page,2026-04-05,High,Closed,Access Issue
T096,Moumita Das,Some records are showing incorrect values,2026-04-06,Medium,Closed,Data Issue
T097,Sourav Roy,I forgot my password and cannot login,2026-04-07,High,In Progress,Login Issue
T098,Tania Ghosh,I receive an unexpected error message,2026-04-08,High,Open,Application Error
T099,Debjit Saha,Monthly transaction report is not available,2026-04-09,Medium,Open,Report
T100,Ishita Roy,Please change my phone number,2026-04-10,Medium,In Progress,Account Update
T101,Rahul Sharma,Search results are loading slowly,2026-04-11,High,In Progress,Performance
T102,Priya Das,Payment was deducted but order is still pending,2026-04-12,High,Open,Payment Issue
T103,Amit Roy,Access denied when opening the application,2026-04-13,High,Open,Access Issue
T104,Soumya Sen,Duplicate records were created,2026-04-14,High,Pending,Data Issue
T105,Arjun Das,Unable to sign in with my credentials,2026-04-15,Critical,Pending,Login Issue
T106,Ananya Roy,Page shows a server error while submitting data,2026-04-16,Medium,Closed,Application Error
T107,Sayan Ghosh,I need the quarterly performance report,2026-04-17,High,In Progress,Report
T108,Riya Mukherjee,Unable to update my profile information,2026-04-18,Medium,Pending,Account Update
T109,Abhishek Dutta,The application performance has become poor,2026-04-19,High,Pending,Performance
T110,Neha Singh,Unable to complete online payment,2026-04-20,Critical,Open,Payment Issue
T111,Rohit Kumar,I need access to the reporting module,2026-04-21,Medium,In Progress,Access Issue
T112,Sneha Paul,Data entered yesterday is no longer visible,2026-04-22,High,In Progress,Data Issue
T113,Aditya Bose,My account is locked and I cannot access it,2026-04-23,Medium,Pending,Login Issue
T114,Puja Banerjee,Application stops responding after clicking submit,2026-04-24,High,In Progress,Application Error
T115,Kunal Sen,The sales report is missing some records,2026-04-25,Low,Open,Report
T116,Moumita Das,I need to change my billing address,2026-04-26,Medium,In Progress,Account Update
T117,Sourav Roy,Pages take several seconds to open,2026-04-27,Medium,Open,Performance
T118,Tania Ghosh,Transaction failed with an error,2026-04-28,Critical,Open,Payment Issue
T119,Debjit Saha,My account cannot access the requested feature,2026-04-29,High,Pending,Access Issue
T120,Ishita Roy,Customer information is displaying incorrectly,2026-04-30,High,Open,Data Issue
T121,Rahul Sharma,Login page keeps rejecting my password,2026-05-01,High,In Progress,Login Issue
T122,Priya Das,An error appears when uploading a document,2026-05-02,Medium,Closed,Application Error
T123,Amit Roy,Unable to download the financial report,2026-05-03,Medium,Open,Report
T124,Soumya Sen,My account details are outdated,2026-05-04,Medium,Open,Account Update
T125,Arjun Das,System is responding very slowly,2026-05-05,High,Closed,Performance
T126,Ananya Roy,Payment gateway is not responding,2026-05-06,High,In Progress,Payment Issue
T127,Sayan Ghosh,Permission error appears on the dashboard,2026-05-07,Low,Open,Access Issue
T128,Riya Mukherjee,Some transactions are missing from the report,2026-05-08,Low,Open,Data Issue
T129,Abhishek Dutta,Two factor authentication code is not working,2026-05-09,High,In Progress,Login Issue
T130,Neha Singh,The dashboard displays an application error,2026-05-10,Critical,Open,Application Error
T131,Rohit Kumar,Please generate the yearly sales report,2026-05-11,High,In Progress,Report
T132,Sneha Paul,Please update the company name on my account,2026-05-12,Medium,In Progress,Account Update
T133,Aditya Bose,Report generation is extremely slow,2026-05-13,Critical,Open,Performance
T134,Puja Banerjee,I was charged twice for the same order,2026-05-14,Medium,In Progress,Payment Issue
T135,Kunal Sen,Unable to access shared documents,2026-05-15,Critical,Pending,Access Issue
T136,Moumita Das,Database contains duplicate entries,2026-05-16,High,Closed,Data Issue
T137,Sourav Roy,I cannot access my account after changing my password,2026-05-17,High,Closed,Login Issue
T138,Tania Ghosh,System throws an exception while processing the request,2026-05-18,High,Closed,Application Error
T139,Debjit Saha,Report export is failing,2026-05-19,Medium,Pending,Report
T140,Ishita Roy,I cannot change my registered email,2026-05-20,Medium,Open,Account Update
T141,Rahul Sharma,The website freezes while processing requests,2026-05-21,High,Open,Performance
T142,Priya Das,Refund has not been received,2026-05-22,Critical,In Progress,Payment Issue
T143,Amit Roy,Access to the application was suddenly removed,2026-05-23,Medium,Pending,Access Issue
T144,Soumya Sen,Incorrect data is displayed on the dashboard,2026-05-24,Medium,Closed,Data Issue
T145,Arjun Das,The sign in page keeps refreshing,2026-05-25,High,Open,Login Issue
T146,Ananya Roy,The form cannot be submitted because of an error,2026-05-26,High,Pending,Application Error
T147,Sayan Ghosh,The dashboard report has incorrect totals,2026-05-27,Low,In Progress,Report
T148,Riya Mukherjee,Need to update my contact information,2026-05-28,Low,Open,Account Update
T149,Abhishek Dutta,Database searches are taking too long,2026-05-29,High,In Progress,Performance
T150,Neha Singh,Payment status is showing incorrectly,2026-05-30,High,Open,Payment Issue
T151,Rohit Kumar,I need administrator access for my role,2026-05-31,High,In Progress,Access Issue
T152,Sneha Paul,Records are not synchronized correctly,2026-06-01,High,Open,Data Issue
T153,Aditya Bose,Forgot password link is not working,2026-06-02,High,Open,Login Issue
T154,Puja Banerjee,Application crashes when generating a document,2026-06-03,Medium,In Progress,Application Error
T155,Kunal Sen,I need a report for last month's transactions,2026-06-04,Medium,Closed,Report
T156,Moumita Das,Profile changes are not being saved,2026-06-05,Medium,In Progress,Account Update
T157,Sourav Roy,Application is slow during peak hours,2026-06-06,Medium,Open,Performance
T158,Tania Ghosh,Credit card payment is failing,2026-06-07,Low,Open,Payment Issue
T159,Debjit Saha,The system says I do not have permission,2026-06-08,High,Open,Access Issue
T160,Ishita Roy,Imported data is incomplete,2026-06-09,Medium,Closed,Data Issue
T161,Rahul Sharma,I cannot login to the application,2026-06-10,High,Closed,Login Issue
T162,Priya Das,Application gives error while saving data,2026-06-11,High,Pending,Application Error
T163,Amit Roy,Please help me generate my monthly sales report,2026-06-12,Critical,In Progress,Report
T164,Soumya Sen,I need to change my registered mobile number,2026-06-13,Medium,In Progress,Account Update
T165,Arjun Das,The application is very slow today,2026-06-14,High,Open,Performance
T166,Ananya Roy,Payment failed while completing checkout,2026-06-15,High,Open,Payment Issue
T167,Sayan Ghosh,I cannot access the admin dashboard,2026-06-16,Critical,In Progress,Access Issue
T168,Riya Mukherjee,Customer data is missing from the system,2026-06-17,Critical,In Progress,Data Issue
T169,Abhishek Dutta,Password reset is not working,2026-06-18,Critical,Pending,Login Issue
T170,Neha Singh,The application crashes when I open a record,2026-06-19,Critical,Open,Application Error
T171,Rohit Kumar,I need the customer activity report,2026-06-20,Critical,Closed,Report
T172,Sneha Paul,I need to update my email address,2026-06-21,Low,Closed,Account Update
T173,Aditya Bose,Dashboard takes too long to load,2026-06-22,Medium,Open,Performance
T174,Puja Banerjee,My card payment was declined,2026-06-23,High,In Progress,Payment Issue
T175,Kunal Sen,User does not have permission to view this page,2026-06-24,High,In Progress,Access Issue
T176,Moumita Das,Some records are showing incorrect values,2026-06-25,High,In Progress,Data Issue
T177,Sourav Roy,I forgot my password and cannot login,2026-06-26,Medium,In Progress,Login Issue
T178,Tania Ghosh,I receive an unexpected error message,2026-06-27,Medium,Closed,Application Error
T179,Debjit Saha,Monthly transaction report is not available,2026-06-28,Critical,Pending,Report
T180,Ishita Roy,Please change my phone number,2026-06-29,High,Pending,Account Update
T181,Rahul Sharma,Search results are loading slowly,2026-01-01,High,In Progress,Performance
T182,Priya Das,Payment was deducted but order is still pending,2026-01-02,Medium,In Progress,Payment Issue
T183,Amit Roy,Access denied when opening the application,2026-01-03,High,Open,Access Issue
T184,Soumya Sen,Duplicate records were created,2026-01-04,High,Closed,Data Issue
T185,Arjun Das,Unable to sign in with my credentials,2026-01-05,Low,Open,Login Issue
T186,Ananya Roy,Page shows a server error while submitting data,2026-01-06,Critical,In Progress,Application Error
T187,Sayan Ghosh,I need the quarterly performance report,2026-01-07,Medium,Closed,Report
T188,Riya Mukherjee,Unable to update my profile information,2026-01-08,Medium,Closed,Account Update
T189,Abhishek Dutta,The application performance has become poor,2026-01-09,High,In Progress,Performance
T190,Neha Singh,Unable to complete online payment,2026-01-10,Medium,In Progress,Payment Issue
T191,Rohit Kumar,I need access to the reporting module,2026-01-11,Medium,Pending,Access Issue
T192,Sneha Paul,Data entered yesterday is no longer visible,2026-01-12,Medium,Open,Data Issue
T193,Aditya Bose,My account is locked and I cannot access it,2026-01-13,Low,In Progress,Login Issue
T194,Puja Banerjee,Application stops responding after clicking submit,2026-01-14,High,Open,Application Error
T195,Kunal Sen,The sales report is missing some records,2026-01-15,Medium,In Progress,Report
T196,Moumita Das,I need to change my billing address,2026-01-16,Medium,Closed,Account Update
T197,Sourav Roy,Pages take several seconds to open,2026-01-17,Medium,Pending,Performance
T198,Tania Ghosh,Transaction failed with an error,2026-01-18,Low,In Progress,Payment Issue
T199,Debjit Saha,My account cannot access the requested feature,2026-01-19,High,In Progress,Access Issue
T200,Ishita Roy,Customer information is displaying incorrectly,2026-01-20,High,Closed,Data Issue
